,Price
0,"[39810, 39734, 39729, 39639, 39682, 39730, 39700, 39746, 39714, 39710, 39725, 39708, 39733, 39747, 39768, 39842, 39926, 40296, 40457, 40517, 40432, 40556, 40624, 40583, 40475, 40439, 40394, 40488, 40460, 40451, 40588, 40583, 40545, 40562, 40610, 40662, 40705, 40587, 40661, 40578, 40628, 40600, 40599, 40586, 40501, 40546, 40605, 40594, 40587, 40595, 40582, 40616, 40698, 40715, 40673, 40719, 40842, 40759, 40828, 40824]"
1,"[40588, 40583, 40545, 40562, 40610, 40662, 40705, 40587, 40661, 40578, 40628, 40600, 40599, 40586, 40501, 40546, 40605, 40594, 40587, 40595, 40582, 40616, 40698, 40715, 40673, 40719, 40842, 40759, 40828, 40824, 40854, 40891, 40955, 41193, 41225, 41042, 40961, 40873, 40850, 40834, 40760, 40840, 40863, 40908, 40877, 40880, 40880, 40937, 40998, 41019, 41029, 41013, 41021, 41155, 41192, 41187, 41288, 41220, 41212, 41159]"
2,"[40854, 40891, 40955, 41193, 41225, 41042, 40961, 40873, 40850, 40834, 40760, 40840, 40863, 40908, 40877, 40880, 40880, 40937, 40998, 41019, 41029, 41013, 41021, 41155, 41192, 41187, 41288, 41220, 41212, 41159, 41157, 41103, 41117, 41059, 41053, 41048, 41071, 41088, 41068, 41099, 41140, 41230, 41190, 41165, 41112, 41079, 41027, 40939, 40950, 40957, 40893, 40888, 40930, 41018, 40970, 41008, 41026, 41028, 41011, 41010]"
3,"[41157, 41103, 41117, 41059, 41053, 41048, 41071, 41088, 41068, 41099, 41140, 41230, 41190, 41165, 41112, 41079, 41027, 40939, 40950, 40957, 40893, 40888, 40930, 41018, 40970, 41008, 41026, 41028, 41011, 41010, 41009, 41046, 41061, 41042, 40978, 40905, 40913, 40909, 40877, 40852, 40851, 40919, 40898, 40919, 40891, 40830, 40786, 40847, 40936, 40942, 40984, 40981, 40964, 40862, 40868, 40877, 40914, 40904, 40913, 40913]"
4,"[41009, 41046, 41061, 41042, 40978, 40905, 40913, 40909, 40877, 40852, 40851, 40919, 40898, 40919, 40891, 40830, 40786, 40847, 40936, 40942, 40984, 40981, 40964, 40862, 40868, 40877, 40914, 40904, 40913, 40913, 40944, 40980, 40926, 40920, 40905, 40962, 40922, 40895, 40903, 40905, 40883, 40888, 40906, 40891, 40879, 40866, 40852, 40834, 40864, 40912, 40946, 40961, 40968, 40976, 40984, 41057, 41140, 41248, 41316, 41425]"
5,"[40944, 40980, 40926, 40920, 40905, 40962, 40922, 40895, 40903, 40905, 40883, 40888, 40906, 40891, 40879, 40866, 40852, 40834, 40864, 40912, 40946, 40961, 40968, 40976, 40984, 41057, 41140, 41248, 41316, 41425, 41400, 41424, 41412, 41358, 41351, 41319, 41346, 41342, 41341, 41306, 41312, 41327, 41368, 41350, 41314, 41280, 41258, 41221, 41179, 41159, 41185, 41190, 41189, 41185, 41232, 41173, 41220, 41209, 41183, 41170]"
6,"[41400, 41424, 41412, 41358, 41351, 41319, 41346, 41342, 41341, 41306, 41312, 41327, 41368, 41350, 41314, 41280, 41258, 41221, 41179, 41159, 41185, 41190, 41189, 41185, 41232, 41173, 41220, 41209, 41183, 41170, 41167, 41166, 41156, 41158, 41183, 41183, 41213, 41192, 41252, 41157, 41081, 41093, 41087, 41125, 41133, 41128, 41152, 41160, 41166, 41180, 41172, 41210, 41206, 41214, 41202, 41212, 41220, 41220, 41172, 41204]"
7,"[41167, 41166, 41156, 41158, 41183, 41183, 41213, 41192, 41252, 41157, 41081, 41093, 41087, 41125, 41133, 41128, 41152, 41160, 41166, 41180, 41172, 41210, 41206, 41214, 41202, 41212, 41220, 41220, 41172, 41204, 41161, 41142, 41132, 41089, 41056, 41056, 41080, 41090, 41024, 41058, 41158, 41192, 41150, 41171, 41180, 41236, 41193, 41198, 41221, 41235, 41194, 41213, 41185, 41153, 41125, 41159, 41150, 41126, 41109, 41143]"
8,"[41161, 41142, 41132, 41089, 41056, 41056, 41080, 41090, 41024, 41058, 41158, 41192, 41150, 41171, 41180, 41236, 41193, 41198, 41221, 41235, 41194, 41213, 41185, 41153, 41125, 41159, 41150, 41126, 41109, 41143, 41189, 41209, 41187, 41184, 41170, 41211, 41224, 41212, 41214, 41190, 41219, 41235, 41250, 41282, 41285, 41316, 41322, 41255, 41205, 41206, 41229, 41218, 41241, 41260, 41270, 41300, 41339, 41366, 41344, 41329]"
9,"[41189, 41209, 41187, 41184, 41170, 41211, 41224, 41212, 41214, 41190, 41219, 41235, 41250, 41282, 41285, 41316, 41322, 41255, 41205, 41206, 41229, 41218, 41241, 41260, 41270, 41300, 41339, 41366, 41344, 41329, 41340, 41331, 41312, 41500, 41460, 41337, 41307, 41355, 41422, 41436, 41409, 41409, 41361, 41425, 41401, 41366, 41388, 41376, 41432, 41443, 41536, 41684, 41695, 41658, 41641, 41625, 41627, 41681, 41696, 41670]"
10,"[41340, 41331, 41312, 41500, 41460, 41337, 41307, 41355, 41422, 41436, 41409, 41409, 41361, 41425, 41401, 41366, 41388, 41376, 41432, 41443, 41536, 41684, 41695, 41658, 41641, 41625, 41627, 41681, 41696, 41670, 41597, 41609, 41590, 41548, 41577, 41522, 41494, 41514, 41489, 41549, 41571, 41640, 41629, 41660, 41755, 41767, 41780, 41776, 41799, 41845, 41885, 41820, 41773, 41749, 41849, 41784, 41803, 41793, 41852, 41908]"
11,"[41597, 41609, 41590, 41548, 41577, 41522, 41494, 41514, 41489, 41549, 41571, 41640, 41629, 41660, 41755, 41767, 41780, 41776, 41799, 41845, 41885, 41820, 41773, 41749, 41849, 41784, 41803, 41793, 41852, 41908, 41820, 41804, 41790, 41697, 41716, 41684, 41685, 41679, 41673, 41646, 41669, 41664, 41671, 41726, 41704, 41737, 41726, 41700, 41641, 41641, 41629, 41653, 41692, 41682, 41660, 41645, 41633, 41630, 41648, 41600]"
12,"[41820, 41804, 41790, 41697, 41716, 41684, 41685, 41679, 41673, 41646, 41669, 41664, 41671, 41726, 41704, 41737, 41726, 41700, 41641, 41641, 41629, 41653, 41692, 41682, 41660, 41645, 41633, 41630, 41648, 41600, 41588, 41535, 41565, 41611, 41591, 41591, 41557, 41561, 41561, 41571, 41574, 41538, 41519, 41556, 41554, 41566, 41600, 41665, 41637, 41618, 41624, 41629, 41599, 41586, 41595, 41598, 41613, 41639, 41638, 41644]"
13,"[41588, 41535, 41565, 41611, 41591, 41591, 41557, 41561, 41561, 41571, 41574, 41538, 41519, 41556, 41554, 41566, 41600, 41665, 41637, 41618, 41624, 41629, 41599, 41586, 41595, 41598, 41613, 41639, 41638, 41644, 41668, 41669, 41629, 41660, 41691, 41689, 41689, 41834, 41814, 41859, 41780, 41762, 41738, 41750, 41709, 41709, 41774, 41756, 41776, 41803, 41788, 41825, 41895, 41925, 41880, 41813, 41863, 41912, 41843, 41876]"
14,"[41668, 41669, 41629, 41660, 41691, 41689, 41689, 41834, 41814, 41859, 41780, 41762, 41738, 41750, 41709, 41709, 41774, 41756, 41776, 41803, 41788, 41825, 41895, 41925, 41880, 41813, 41863, 41912, 41843, 41876, 41912, 41889, 42763, 43500, 43434, 43604, 43761, 44000, 43846, 43641, 43835, 43709, 43653, 43712, 43653, 43526, 43753, 43739, 43750, 43782, 43766, 43607, 43478, 43367, 43293, 43376, 43269, 43191, 43133, 43026]"
15,"[41912, 41889, 42763, 43500, 43434, 43604, 43761, 44000, 43846, 43641, 43835, 43709, 43653, 43712, 43653, 43526, 43753, 43739, 43750, 43782, 43766, 43607, 43478, 43367, 43293, 43376, 43269, 43191, 43133, 43026, 43000, 43121, 43115, 43144, 43177, 43220, 43175, 43265, 43233, 43154, 43194, 43202, 43277, 43244, 43269, 43170, 43113, 43089, 43040, 42959, 42995, 42999, 42974, 42967, 42888, 42929, 43041, 43077, 43121, 43108]"
16,"[43000, 43121, 43115, 43144, 43177, 43220, 43175, 43265, 43233, 43154, 43194, 43202, 43277, 43244, 43269, 43170, 43113, 43089, 43040, 42959, 42995, 42999, 42974, 42967, 42888, 42929, 43041, 43077, 43121, 43108, 43063, 42972, 43064, 43150, 43132, 43127, 43153, 43209, 43245, 43238, 43174, 43165, 43170, 43163, 43154, 43204, 43196, 43150, 43170, 43216, 43220, 43247, 43195, 43191, 43193, 43193, 43149, 43162, 43205, 43160]"
17,"[43063, 42972, 43064, 43150, 43132, 43127, 43153, 43209, 43245, 43238, 43174, 43165, 43170, 43163, 43154, 43204, 43196, 43150, 43170, 43216, 43220, 43247, 43195, 43191, 43193, 43193, 43149, 43162, 43205, 43160, 43179, 43256, 43488, 43325, 43428, 43358, 43282, 43313, 43391, 43431, 43482, 43559, 43476, 43404, 43373, 43306, 43286, 43269, 43177, 43265, 43308, 43287, 43266, 43261, 43279, 43294, 43350, 43342, 43388, 43377]"
18,"[43179, 43256, 43488, 43325, 43428, 43358, 43282, 43313, 43391, 43431, 43482, 43559, 43476, 43404, 43373, 43306, 43286, 43269, 43177, 43265, 43308, 43287, 43266, 43261, 43279, 43294, 43350, 43342, 43388, 43377, 43345, 43330, 43338, 43427, 43523, 43520, 43447, 43483, 43429, 43424, 43433, 43464, 43455, 43472, 43525, 43472, 43544, 43467, 43358, 43351, 43402, 43401, 43408, 43427, 43463, 43538, 43522, 43499, 43545, 43560]"
19,"[43345, 43330, 43338, 43427, 43523, 43520, 43447, 43483, 43429, 43424, 43433, 43464, 43455, 43472, 43525, 43472, 43544, 43467, 43358, 43351, 43402, 43401, 43408, 43427, 43463, 43538, 43522, 43499, 43545, 43560, 43523, 43573, 43586, 43561, 43507, 43514, 43534, 43501, 43473, 43451, 43444, 43377, 43387, 43347, 43288, 43263, 43286, 43267, 43249, 43286, 43318, 43339, 43376, 43318, 43331, 43309, 43282, 43270, 43287, 43278]"
20,"[43523, 43573, 43586, 43561, 43507, 43514, 43534, 43501, 43473, 43451, 43444, 43377, 43387, 43347, 43288, 43263, 43286, 43267, 43249, 43286, 43318, 43339, 43376, 43318, 43331, 43309, 43282, 43270, 43287, 43278, 43327, 43286, 43302, 43312, 43289, 43305, 43321, 43330, 43314, 43323, 43399, 43425, 43377, 43400, 43387, 43337, 43345, 43348, 43360, 43378, 43383, 43392, 43362, 43319, 43365, 43341, 43273, 43238, 43238, 43259]"
21,"[43327, 43286, 43302, 43312, 43289, 43305, 43321, 43330, 43314, 43323, 43399, 43425, 43377, 43400, 43387, 43337, 43345, 43348, 43360, 43378, 43383, 43392, 43362, 43319, 43365, 43341, 43273, 43238, 43238, 43259, 43264, 43271, 43244, 43216, 43225, 43166, 43132, 43150, 43143, 43106, 43134, 43104, 43076, 43110, 43084, 42972, 43077, 43124, 43170, 43153, 43148, 43173, 43206, 43208, 43181, 43163, 43138, 43076, 43026, 43050]"
22,"[43264, 43271, 43244, 43216, 43225, 43166, 43132, 43150, 43143, 43106, 43134, 43104, 43076, 43110, 43084, 42972, 43077, 43124, 43170, 43153, 43148, 43173, 43206, 43208, 43181, 43163, 43138, 43076, 43026, 43050, 43024, 43012, 43021, 43026, 43042, 43067, 43091, 43100, 43080, 43060, 43095, 43091, 43127, 43100, 43113, 43105, 43124, 43125, 43108, 43117, 43107, 43075, 43126, 43108, 43083, 43120, 43153, 43155, 43163, 43160]"
23,"[43024, 43012, 43021, 43026, 43042, 43067, 43091, 43100, 43080, 43060, 43095, 43091, 43127, 43100, 43113, 43105, 43124, 43125, 43108, 43117, 43107, 43075, 43126, 43108, 43083, 43120, 43153, 43155, 43163, 43160, 43135, 43127, 43096, 43091, 43083, 43059, 43074, 43078, 43073, 43036, 43073, 43065, 43052, 43004, 42954, 42963, 42954, 42907, 42933, 42973, 42968, 42971, 42996, 42989, 43015, 42994, 42964, 42983, 43069, 43060]"
24,"[43135, 43127, 43096, 43091, 43083, 43059, 43074, 43078, 43073, 43036, 43073, 43065, 43052, 43004, 42954, 42963, 42954, 42907, 42933, 42973, 42968, 42971, 42996, 42989, 43015, 42994, 42964, 42983, 43069, 43060, 43095, 43083, 43070, 43072, 43088, 43079, 43073, 43061, 43017, 43002, 43006, 43034, 43032, 43051, 43077, 43120, 43104, 43101, 43103, 43111, 43105, 43111, 43120, 43100, 43063, 43074, 43088, 43155, 43150, 43147]"
25,"[43095, 43083, 43070, 43072, 43088, 43079, 43073, 43061, 43017, 43002, 43006, 43034, 43032, 43051, 43077, 43120, 43104, 43101, 43103, 43111, 43105, 43111, 43120, 43100, 43063, 43074, 43088, 43155, 43150, 43147, 43163, 43141, 43112, 43098, 43114, 43144, 43140, 43114, 43108, 43102, 43084, 43104, 43118, 43189, 43279, 43228, 43161, 43161, 43175, 43179, 43206, 43202, 43246, 43240, 43257, 43253, 43251, 43255, 43241, 43226]"
26,"[43163, 43141, 43112, 43098, 43114, 43144, 43140, 43114, 43108, 43102, 43084, 43104, 43118, 43189, 43279, 43228, 43161, 43161, 43175, 43179, 43206, 43202, 43246, 43240, 43257, 43253, 43251, 43255, 43241, 43226, 43200, 43232, 43239, 43299, 43284, 43254, 43259, 43253, 43278, 43280, 43258, 43257, 43246, 43251, 43244, 43256, 43257, 43290, 43332, 43315, 43297, 43298, 43305, 43319, 43386, 43334, 43360, 43353, 43339, 43336]"
27,"[43200, 43232, 43239, 43299, 43284, 43254, 43259, 43253, 43278, 43280, 43258, 43257, 43246, 43251, 43244, 43256, 43257, 43290, 43332, 43315, 43297, 43298, 43305, 43319, 43386, 43334, 43360, 43353, 43339, 43336, 43360, 43355, 43332, 43358, 43340, 43293, 43271, 43306, 43280, 43269, 43262, 43248, 43273, 43289, 43280, 43260, 43220, 43230, 43221, 43224, 43214, 43207, 43193, 43179, 43198, 43208, 43198, 43201, 43239, 43226]"
28,"[43360, 43355, 43332, 43358, 43340, 43293, 43271, 43306, 43280, 43269, 43262, 43248, 43273, 43289, 43280, 43260, 43220, 43230, 43221, 43224, 43214, 43207, 43193, 43179, 43198, 43208, 43198, 43201, 43239, 43226, 43179, 43208, 43213, 43206, 43185, 43203, 43237, 43207, 43201, 43216, 43229, 43225, 43188, 43158, 43175, 43219, 43206, 43202, 43229, 43225, 43236, 43235, 43249, 43230, 43222, 43213, 43224, 43219, 43213, 43210]"
29,"[43179, 43208, 43213, 43206, 43185, 43203, 43237, 43207, 43201, 43216, 43229, 43225, 43188, 43158, 43175, 43219, 43206, 43202, 43229, 43225, 43236, 43235, 43249, 43230, 43222, 43213, 43224, 43219, 43213, 43210, 43189, 43175, 43162, 43185, 43198, 43145, 43138, 43102, 43093, 43092, 43041, 43067, 43095, 43149, 43156, 43192, 43209, 43238, 43233, 43238, 43245, 43246, 43263, 43342, 43352, 43291, 43290, 43325, 43340, 43337]"
30,"[43189, 43175, 43162, 43185, 43198, 43145, 43138, 43102, 43093, 43092, 43041, 43067, 43095, 43149, 43156, 43192, 43209, 43238, 43233, 43238, 43245, 43246, 43263, 43342, 43352, 43291, 43290, 43325, 43340, 43337, 43358, 43394, 43392, 43393, 43375, 43353, 43330, 43314, 43299, 43367, 43362, 43331, 43326, 43310, 43266, 43304, 43306, 43300, 43284, 43309, 43383, 43380, 43452, 43466, 43446, 43460, 43443, 43464, 43443, 43453]"
31,"[43358, 43394, 43392, 43393, 43375, 43353, 43330, 43314, 43299, 43367, 43362, 43331, 43326, 43310, 43266, 43304, 43306, 43300, 43284, 43309, 43383, 43380, 43452, 43466, 43446, 43460, 43443, 43464, 43443, 43453, 43431, 43442, 43478, 43465, 43484, 43461, 43493, 43519, 43535, 43543, 43509, 43487, 43494, 43535, 43535, 43495, 43498, 43494, 43490, 43484, 43455, 43405, 43367, 43401, 43407, 43416, 43409, 43408, 43382, 43411]"
32,"[43431, 43442, 43478, 43465, 43484, 43461, 43493, 43519, 43535, 43543, 43509, 43487, 43494, 43535, 43535, 43495, 43498, 43494, 43490, 43484, 43455, 43405, 43367, 43401, 43407, 43416, 43409, 43408, 43382, 43411, 43391, 43375, 43375, 43390, 43381, 43393, 43374, 43384, 43410, 43429, 43438, 43429, 43425, 43332, 43300, 43322, 43364, 43355, 43353, 43360, 43391, 43401, 43459, 43475, 43453, 43461, 43466, 43455, 43475, 43492]"
33,"[43391, 43375, 43375, 43390, 43381, 43393, 43374, 43384, 43410, 43429, 43438, 43429, 43425, 43332, 43300, 43322, 43364, 43355, 43353, 43360, 43391, 43401, 43459, 43475, 43453, 43461, 43466, 43455, 43475, 43492, 43477, 43481, 43497, 43491, 43524, 43490, 43500, 43490, 43427, 43461, 43454, 43443, 43459, 43459, 43468, 43464, 43466, 43475, 43515, 43516, 43521, 43530, 43476, 43417, 43400, 43336, 43380, 43416, 43497, 43506]"
34,"[43477, 43481, 43497, 43491, 43524, 43490, 43500, 43490, 43427, 43461, 43454, 43443, 43459, 43459, 43468, 43464, 43466, 43475, 43515, 43516, 43521, 43530, 43476, 43417, 43400, 43336, 43380, 43416, 43497, 43506, 43453, 43401, 43455, 43441, 43471, 43514, 43521, 43530, 43486, 43499, 43527, 43547, 43571, 43555, 43563, 43563, 43519, 43501, 43459, 43443, 43479, 43456, 43430, 43446, 43440, 43441, 43412, 43406, 43456, 43492]"
35,"[43453, 43401, 43455, 43441, 43471, 43514, 43521, 43530, 43486, 43499, 43527, 43547, 43571, 43555, 43563, 43563, 43519, 43501, 43459, 43443, 43479, 43456, 43430, 43446, 43440, 43441, 43412, 43406, 43456, 43492, 43441, 43380, 43391, 43414, 43396, 43404, 43373, 43392, 43357, 43366, 43378, 43399, 43395, 43390, 43367, 43340, 43366, 43390, 43408, 43469, 43443, 43402, 43403, 43395, 43430, 43392, 43360, 43359, 43346, 43348]"
36,"[43441, 43380, 43391, 43414, 43396, 43404, 43373, 43392, 43357, 43366, 43378, 43399, 43395, 43390, 43367, 43340, 43366, 43390, 43408, 43469, 43443, 43402, 43403, 43395, 43430, 43392, 43360, 43359, 43346, 43348, 43311, 43223, 43231, 43274, 43284, 43280, 43260, 43218, 43184, 43145, 43141, 43184, 43176, 43196, 43234, 43248, 43272, 43314, 43319, 43308, 43305, 43258, 43259, 43272, 43288, 43246, 43232, 43248, 43230, 43258]"
37,"[43311, 43223, 43231, 43274, 43284, 43280, 43260, 43218, 43184, 43145, 43141, 43184, 43176, 43196, 43234, 43248, 43272, 43314, 43319, 43308, 43305, 43258, 43259, 43272, 43288, 43246, 43232, 43248, 43230, 43258, 43277, 43288, 43299, 43292, 43283, 43266, 43259, 43234, 43046, 42935, 42855, 42964, 42966, 43060, 43065, 43145, 43100, 43134, 43125, 43066, 43131, 43141, 43127, 43153, 43134, 43146, 43118, 43090, 43102, 43099]"
38,"[43277, 43288, 43299, 43292, 43283, 43266, 43259, 43234, 43046, 42935, 42855, 42964, 42966, 43060, 43065, 43145, 43100, 43134, 43125, 43066, 43131, 43141, 43127, 43153, 43134, 43146, 43118, 43090, 43102, 43099, 43096, 43125, 43165, 43191, 43213, 43213, 43200, 43205, 43211, 43210, 43280, 43250, 43249, 43274, 43310, 43281, 43321, 43411, 43467, 43451, 43440, 43381, 43415, 43499, 43518, 43557, 43508, 43449, 43579, 43578]"
39,"[43096, 43125, 43165, 43191, 43213, 43213, 43200, 43205, 43211, 43210, 43280, 43250, 43249, 43274, 43310, 43281, 43321, 43411, 43467, 43451, 43440, 43381, 43415, 43499, 43518, 43557, 43508, 43449, 43579, 43578, 43582, 43647, 43523, 43473, 43505, 43490, 43541, 43583, 43550, 43533, 43518, 43500, 43493, 43519, 43515, 43495, 43523, 43558, 43589, 43614, 43632, 43610, 43544, 43553, 43535, 43615, 43744, 43664, 43550, 43578]"
40,"[43582, 43647, 43523, 43473, 43505, 43490, 43541, 43583, 43550, 43533, 43518, 43500, 43493, 43519, 43515, 43495, 43523, 43558, 43589, 43614, 43632, 43610, 43544, 43553, 43535, 43615, 43744, 43664, 43550, 43578, 43651, 43646, 43610, 43627, 43611, 43549, 43585, 43600, 43587, 43605, 43581, 43520, 43510, 43509, 43499, 43513, 43435, 43422, 43386, 43525, 43594, 43585, 43544, 43492, 43505, 43490, 43526, 43570, 43603, 43609]"
41,"[43651, 43646, 43610, 43627, 43611, 43549, 43585, 43600, 43587, 43605, 43581, 43520, 43510, 43509, 43499, 43513, 43435, 43422, 43386, 43525, 43594, 43585, 43544, 43492, 43505, 43490, 43526, 43570, 43603, 43609, 43623, 43636, 43650, 43649, 43680, 43672, 43692, 43679, 43709, 43720, 43796, 43879, 43835, 43981, 43946, 43896, 44123, 44144, 44182, 44200, 44287, 44269, 44302, 44362, 44434, 44370, 44349, 44408, 44496, 44479]"
42,"[43623, 43636, 43650, 43649, 43680, 43672, 43692, 43679, 43709, 43720, 43796, 43879, 43835, 43981, 43946, 43896, 44123, 44144, 44182, 44200, 44287, 44269, 44302, 44362, 44434, 44370, 44349, 44408, 44496, 44479, 44449, 44357, 44280, 44218, 44242, 44245, 44277, 44255, 44180, 44179, 44203, 44266, 44290, 44351, 44332, 44292, 44387, 44531, 44523, 44425, 44453, 44546, 44525, 44579, 44504, 44535, 44647, 44659, 44624, 44640]"
43,"[44449, 44357, 44280, 44218, 44242, 44245, 44277, 44255, 44180, 44179, 44203, 44266, 44290, 44351, 44332, 44292, 44387, 44531, 44523, 44425, 44453, 44546, 44525, 44579, 44504, 44535, 44647, 44659, 44624, 44640, 44610, 44655, 44663, 44811, 44884, 44840, 44831, 44747, 44736, 44763, 44761, 44729, 44700, 44657, 44672, 44731, 44698, 44617, 44596, 44631, 44540, 44553, 44513, 44518, 44526, 44579, 44565, 44545, 44590, 44528]"
44,"[44610, 44655, 44663, 44811, 44884, 44840, 44831, 44747, 44736, 44763, 44761, 44729, 44700, 44657, 44672, 44731, 44698, 44617, 44596, 44631, 44540, 44553, 44513, 44518, 44526, 44579, 44565, 44545, 44590, 44528, 44530, 44512, 44590, 44624, 44646, 44625, 44573, 44535, 44497, 44453, 44490, 44486, 44494, 44505, 44469, 44531, 44531, 44573, 44541, 44563, 44580, 44594, 44605, 44636, 44651, 44589, 44609, 44549, 44495, 44416]"
45,"[44530, 44512, 44590, 44624, 44646, 44625, 44573, 44535, 44497, 44453, 44490, 44486, 44494, 44505, 44469, 44531, 44531, 44573, 44541, 44563, 44580, 44594, 44605, 44636, 44651, 44589, 44609, 44549, 44495, 44416, 44468, 44561, 44589, 44560, 44568, 44578, 44519, 44537, 44485, 44485, 44506, 44549, 44579, 44551, 44564, 44654, 44610, 44566, 44574, 44599, 44586, 44525, 44513, 44493, 44524, 44566, 44537, 44500, 44463, 44435]"
46,"[44468, 44561, 44589, 44560, 44568, 44578, 44519, 44537, 44485, 44485, 44506, 44549, 44579, 44551, 44564, 44654, 44610, 44566, 44574, 44599, 44586, 44525, 44513, 44493, 44524, 44566, 44537, 44500, 44463, 44435, 44511, 44449, 44177, 43930, 43959, 44010, 44100, 44112, 44213, 44256, 44188, 44072, 44082, 44128, 44149, 44072, 44040, 44112, 44073, 44050, 43992, 43880, 43751, 43883, 43877, 43848, 43961, 43920, 43893, 43808]"
47,"[44511, 44449, 44177, 43930, 43959, 44010, 44100, 44112, 44213, 44256, 44188, 44072, 44082, 44128, 44149, 44072, 44040, 44112, 44073, 44050, 43992, 43880, 43751, 43883, 43877, 43848, 43961, 43920, 43893, 43808, 43890, 43791, 43611, 43702, 43692, 43790, 43834, 43884, 43873, 43821, 43752, 43720, 43694, 43709, 43719, 43818, 43902, 43963, 44058, 44000, 44017, 44021, 43932, 43955, 43941, 43912, 43864, 43884, 43869, 43900]"
48,"[43890, 43791, 43611, 43702, 43692, 43790, 43834, 43884, 43873, 43821, 43752, 43720, 43694, 43709, 43719, 43818, 43902, 43963, 44058, 44000, 44017, 44021, 43932, 43955, 43941, 43912, 43864, 43884, 43869, 43900, 43834, 43849, 43944, 43914, 43803, 43777, 43736, 43747, 43755, 43751, 43694, 43650, 43592, 43606, 43552, 43503, 43435, 43370, 43383, 43431, 43422, 43510, 43468, 43588, 43646, 43646, 43634, 43587, 43661, 43643]"
49,"[43834, 43849, 43944, 43914, 43803, 43777, 43736, 43747, 43755, 43751, 43694, 43650, 43592, 43606, 43552, 43503, 43435, 43370, 43383, 43431, 43422, 43510, 43468, 43588, 43646, 43646, 43634, 43587, 43661, 43643, 43638, 43542, 43590, 43660, 43626, 43560, 43509, 43508, 43557, 43476, 43561, 43581, 43617, 43584, 43665, 43792, 43757, 43766, 43929, 43905, 43933, 43842, 43870, 43901, 43878, 43859, 43847, 43805, 43710, 43619]"
50,"[43638, 43542, 43590, 43660, 43626, 43560, 43509, 43508, 43557, 43476, 43561, 43581, 43617, 43584, 43665, 43792, 43757, 43766, 43929, 43905, 43933, 43842, 43870, 43901, 43878, 43859, 43847, 43805, 43710, 43619, 43564, 43513, 43461, 43406, 43425, 43377, 43437, 43480, 43462, 43494, 43515, 43473, 43507, 43438, 43479, 43334, 43346, 43326, 43359, 43341, 43257, 43355, 43344, 43324, 43341, 43275, 43250, 43372, 43367, 43385]"
51,"[43564, 43513, 43461, 43406, 43425, 43377, 43437, 43480, 43462, 43494, 43515, 43473, 43507, 43438, 43479, 43334, 43346, 43326, 43359, 43341, 43257, 43355, 43344, 43324, 43341, 43275, 43250, 43372, 43367, 43385, 43391, 43453, 43402, 43395, 43297, 43314, 43349, 43285, 43374, 43371, 43383, 43374, 43398, 43367, 43467, 43453, 43516, 43507, 43564, 43552, 43522, 43510, 43552, 43536, 43521, 43485, 43462, 43519, 43481, 43477]"
52,"[43391, 43453, 43402, 43395, 43297, 43314, 43349, 43285, 43374, 43371, 43383, 43374, 43398, 43367, 43467, 43453, 43516, 43507, 43564, 43552, 43522, 43510, 43552, 43536, 43521, 43485, 43462, 43519, 43481, 43477, 43426, 43454, 43482, 43541, 43550, 43540, 43523, 43559, 43561, 43561, 43563, 43586, 43577, 43547, 43568, 43571, 43562, 43572, 43664, 43741, 43812, 43813, 43745, 43695, 43691, 43610, 43604, 43626, 43614, 43643]"
53,"[43426, 43454, 43482, 43541, 43550, 43540, 43523, 43559, 43561, 43561, 43563, 43586, 43577, 43547, 43568, 43571, 43562, 43572, 43664, 43741, 43812, 43813, 43745, 43695, 43691, 43610, 43604, 43626, 43614, 43643, 43681, 43682, 43612, 43610, 43610, 43604, 43560, 43511, 43523, 43568, 43498, 43453, 43515, 43504, 43508, 43505, 43542, 43548, 43550, 43557, 43560, 43598, 43580, 43585, 43534, 43501, 43541, 43557, 43529, 43520]"
54,"[43681, 43682, 43612, 43610, 43610, 43604, 43560, 43511, 43523, 43568, 43498, 43453, 43515, 43504, 43508, 43505, 43542, 43548, 43550, 43557, 43560, 43598, 43580, 43585, 43534, 43501, 43541, 43557, 43529, 43520, 43609, 43622, 43603, 43648, 43657, 43705, 43727, 43728, 43757, 43728, 43717, 43740, 43691, 43720, 43762, 43829, 43830, 43796, 43749, 43773, 43806, 43785, 43776, 43781, 43797, 43809, 43832, 43850, 43832, 43803]"
55,"[43609, 43622, 43603, 43648, 43657, 43705, 43727, 43728, 43757, 43728, 43717, 43740, 43691, 43720, 43762, 43829, 43830, 43796, 43749, 43773, 43806, 43785, 43776, 43781, 43797, 43809, 43832, 43850, 43832, 43803, 43792, 43754, 43750, 43779, 43772, 43799, 43800, 43810, 43788, 43800, 43777, 43686, 43721, 43723, 43715, 43783, 43716, 43808, 43842, 43861, 43845, 43858, 43932, 43994, 43978, 44000, 43992, 44020, 44024, 43962]"
56,"[43792, 43754, 43750, 43779, 43772, 43799, 43800, 43810, 43788, 43800, 43777, 43686, 43721, 43723, 43715, 43783, 43716, 43808, 43842, 43861, 43845, 43858, 43932, 43994, 43978, 44000, 43992, 44020, 44024, 43962, 43933, 43897, 43875, 43844, 43840, 43840, 43803, 43797, 43897, 43859, 43834, 43818, 43859, 43843, 43852, 43833, 43813, 43809, 43773, 43752, 43735, 43690, 43703, 43700, 43694, 43711, 43698, 43689, 43717, 43719]"
57,"[43933, 43897, 43875, 43844, 43840, 43840, 43803, 43797, 43897, 43859, 43834, 43818, 43859, 43843, 43852, 43833, 43813, 43809, 43773, 43752, 43735, 43690, 43703, 43700, 43694, 43711, 43698, 43689, 43717, 43719, 43770, 43755, 43779, 43792, 43864, 43910, 43938, 43911, 43849, 43800, 43733, 43750, 43771, 43898, 43879, 43930, 43870, 43851, 43833, 43821, 43795, 43777, 43798, 43861, 43884, 43871, 43912, 43957, 43877, 43864]"
58,"[43770, 43755, 43779, 43792, 43864, 43910, 43938, 43911, 43849, 43800, 43733, 43750, 43771, 43898, 43879, 43930, 43870, 43851, 43833, 43821, 43795, 43777, 43798, 43861, 43884, 43871, 43912, 43957, 43877, 43864, 43820, 43840, 43886, 43913, 43915, 43914, 43906, 43939, 43958, 43993, 43954, 44093, 44020, 44029, 43904, 43922, 43928, 43928, 43940, 43916, 43919, 43950, 43931, 43944, 44081, 44007, 44046, 44050, 44073, 44084]"
59,"[43820, 43840, 43886, 43913, 43915, 43914, 43906, 43939, 43958, 43993, 43954, 44093, 44020, 44029, 43904, 43922, 43928, 43928, 43940, 43916, 43919, 43950, 43931, 43944, 44081, 44007, 44046, 44050, 44073, 44084, 44218, 44158, 44183, 44177, 44203, 44160, 44126, 44085, 44042, 44058, 44041, 44017, 44041, 44000, 43953, 43880, 43794, 43839, 43927, 43950, 43858, 44007, 44059, 44010, 43983, 44034, 44054, 44093, 44079, 44017]"
60,"[44218, 44158, 44183, 44177, 44203, 44160, 44126, 44085, 44042, 44058, 44041, 44017, 44041, 44000, 43953, 43880, 43794, 43839, 43927, 43950, 43858, 44007, 44059, 44010, 43983, 44034, 44054, 44093, 44079, 44017, 44039, 43985, 43895, 43914, 43903, 43914, 43850, 43847, 43854, 43858, 43877, 43859, 43840, 43793, 43796, 43820, 43831, 43888, 43853, 43836, 43838, 43780, 43754, 43802, 43785, 43813, 43829, 43888, 43849, 43882]"
61,"[44039, 43985, 43895, 43914, 43903, 43914, 43850, 43847, 43854, 43858, 43877, 43859, 43840, 43793, 43796, 43820, 43831, 43888, 43853, 43836, 43838, 43780, 43754, 43802, 43785, 43813, 43829, 43888, 43849, 43882, 43873, 43823, 43782, 43780, 43785, 43789, 43822, 43824, 43850, 43839, 43813, 43802, 43831, 43827, 43842, 43864, 43888, 43868, 43858, 43860, 43884, 43876, 43952, 43953, 43958, 43907, 43949, 43953, 43955, 43955]"
62,"[43873, 43823, 43782, 43780, 43785, 43789, 43822, 43824, 43850, 43839, 43813, 43802, 43831, 43827, 43842, 43864, 43888, 43868, 43858, 43860, 43884, 43876, 43952, 43953, 43958, 43907, 43949, 43953, 43955, 43955, 43949, 43934, 43924, 43922, 43929, 43969, 44100, 44112, 44051, 44046, 44147, 44129, 44085, 44118, 44147, 44127, 44126, 44139, 44078, 44077, 44072, 44070, 44053, 44114, 44150, 44122, 44171, 44169, 44173, 44156]"
63,"[43949, 43934, 43924, 43922, 43929, 43969, 44100, 44112, 44051, 44046, 44147, 44129, 44085, 44118, 44147, 44127, 44126, 44139, 44078, 44077, 44072, 44070, 44053, 44114, 44150, 44122, 44171, 44169, 44173, 44156, 44117, 44097, 44104, 44106, 44112, 44117, 44178, 44181, 44209, 44170, 44067, 44096, 44074, 44091, 44124, 44134, 44090, 44097, 44132, 44146, 44144, 44152, 44176, 44175, 44160, 44169, 44168, 44185, 44195, 44129]"
64,"[44117, 44097, 44104, 44106, 44112, 44117, 44178, 44181, 44209, 44170, 44067, 44096, 44074, 44091, 44124, 44134, 44090, 44097, 44132, 44146, 44144, 44152, 44176, 44175, 44160, 44169, 44168, 44185, 44195, 44129, 44120, 44133, 44115, 44173, 44238, 44254, 44238, 44265, 44335, 44310, 44350, 44335, 44322, 44366, 44396, 44378, 44369, 44357, 44350, 44405, 44487, 44490, 44400, 44359, 44371, 44376, 44371, 44395, 44392, 44421]"
65,"[44120, 44133, 44115, 44173, 44238, 44254, 44238, 44265, 44335, 44310, 44350, 44335, 44322, 44366, 44396, 44378, 44369, 44357, 44350, 44405, 44487, 44490, 44400, 44359, 44371, 44376, 44371, 44395, 44392, 44421, 44382, 44329, 44419, 44464, 44648, 44652, 44593, 44528, 44444, 44452, 44488, 44524, 44460, 44513, 44587, 44561, 44548, 44513, 44550, 44533, 44493, 44523, 44505, 44416, 44246, 44150, 44287, 44200, 44132, 44233]"
66,"[44382, 44329, 44419, 44464, 44648, 44652, 44593, 44528, 44444, 44452, 44488, 44524, 44460, 44513, 44587, 44561, 44548, 44513, 44550, 44533, 44493, 44523, 44505, 44416, 44246, 44150, 44287, 44200, 44132, 44233, 44162, 44072, 44149, 44079, 44025, 43977, 43954, 43994, 44071, 44144, 44131, 44117, 44137, 44181, 44150, 44195, 44198, 44194, 44218, 44209, 44152, 44108, 44115, 44188, 44180, 44173, 44207, 44253, 44285, 44280]"
67,"[44162, 44072, 44149, 44079, 44025, 43977, 43954, 43994, 44071, 44144, 44131, 44117, 44137, 44181, 44150, 44195, 44198, 44194, 44218, 44209, 44152, 44108, 44115, 44188, 44180, 44173, 44207, 44253, 44285, 44280, 44281, 44225, 44265, 44353, 44334, 44289, 44307, 44340, 44359, 44322, 44293, 44310, 44263, 44262, 44258, 44220, 44196, 44213, 44159, 44119, 44024, 43950, 43920, 43967, 43977, 43914, 43913, 43909, 43905, 43914]"
68,"[44281, 44225, 44265, 44353, 44334, 44289, 44307, 44340, 44359, 44322, 44293, 44310, 44263, 44262, 44258, 44220, 44196, 44213, 44159, 44119, 44024, 43950, 43920, 43967, 43977, 43914, 43913, 43909, 43905, 43914, 43854, 43933, 43946, 43986, 44004, 43980, 44028, 44008, 43986, 43917, 43904, 43880, 43918, 43907, 43883, 43918, 43979, 43964, 43934, 43914, 43948, 43931, 43892, 43935, 43967, 43960, 43985, 44008, 44022, 44027]"
69,"[43854, 43933, 43946, 43986, 44004, 43980, 44028, 44008, 43986, 43917, 43904, 43880, 43918, 43907, 43883, 43918, 43979, 43964, 43934, 43914, 43948, 43931, 43892, 43935, 43967, 43960, 43985, 44008, 44022, 44027, 43934, 43922, 43862, 44055, 44059, 44100, 44072, 44076, 44048, 44022, 44079, 44088, 44101, 44057, 44080, 43993, 43955, 43940, 43917, 43952, 43944, 43966, 43952, 43951, 43989, 43967, 43964, 44005, 44041, 44021]"
70,"[43934, 43922, 43862, 44055, 44059, 44100, 44072, 44076, 44048, 44022, 44079, 44088, 44101, 44057, 44080, 43993, 43955, 43940, 43917, 43952, 43944, 43966, 43952, 43951, 43989, 43967, 43964, 44005, 44041, 44021, 44075, 44059, 44089, 44086, 44071, 44076, 44098, 44086, 44094, 44096, 44116, 44119, 44058, 44087, 44109, 44133, 44140, 44126, 44050, 44019, 43983, 44020, 43994, 44064, 44072, 44093, 44149, 44222, 44207, 44224]"
71,"[44075, 44059, 44089, 44086, 44071, 44076, 44098, 44086, 44094, 44096, 44116, 44119, 44058, 44087, 44109, 44133, 44140, 44126, 44050, 44019, 43983, 44020, 43994, 44064, 44072, 44093, 44149, 44222, 44207, 44224, 44227, 44248, 44279, 44271, 44277, 44272, 44280, 44266, 44262, 44234, 44234, 44251, 44255, 44265, 44265, 44254, 44243, 44200, 44208, 44192, 44165, 44150, 44150, 44084, 44134, 44112, 44094, 44117, 44144, 44142]"
72,"[44227, 44248, 44279, 44271, 44277, 44272, 44280, 44266, 44262, 44234, 44234, 44251, 44255, 44265, 44265, 44254, 44243, 44200, 44208, 44192, 44165, 44150, 44150, 44084, 44134, 44112, 44094, 44117, 44144, 44142, 44128, 44179, 44189, 44232, 44224, 44248, 44327, 44376, 44353, 44434, 44393, 44463, 44468, 44425, 44434, 44398, 44376, 44416, 44498, 44528, 44500, 44509, 44423, 44429, 44410, 44356, 44336, 44363, 44338, 44324]"
73,"[44128, 44179, 44189, 44232, 44224, 44248, 44327, 44376, 44353, 44434, 44393, 44463, 44468, 44425, 44434, 44398, 44376, 44416, 44498, 44528, 44500, 44509, 44423, 44429, 44410, 44356, 44336, 44363, 44338, 44324, 44280, 44256, 44264, 44307, 44369, 44414, 44476, 44469, 44436, 44405, 44334, 44316, 44330, 44360, 44392, 44365, 44363, 44301, 44377, 44397, 44436, 44511, 44446, 44458, 44498, 44472, 44459, 44487, 44445, 44421]"
74,"[44280, 44256, 44264, 44307, 44369, 44414, 44476, 44469, 44436, 44405, 44334, 44316, 44330, 44360, 44392, 44365, 44363, 44301, 44377, 44397, 44436, 44511, 44446, 44458, 44498, 44472, 44459, 44487, 44445, 44421, 44379, 44405, 44441, 44433, 44461, 44503, 44464, 44462, 44442, 44470, 44437, 44403, 44400, 44382, 44395, 44364, 44371, 44331, 44341, 44313, 44344, 44331, 44313, 44308, 44198, 44271, 44237, 44251, 44259, 44248]"
75,"[44379, 44405, 44441, 44433, 44461, 44503, 44464, 44462, 44442, 44470, 44437, 44403, 44400, 44382, 44395, 44364, 44371, 44331, 44341, 44313, 44344, 44331, 44313, 44308, 44198, 44271, 44237, 44251, 44259, 44248, 44285, 44283, 44270, 44241, 44239, 44265, 44245, 44227, 44213, 44190, 44248, 44259, 44266, 44256, 44247, 44247, 44254, 44333, 44326, 44327, 44316, 44304, 44331, 44306, 44292, 44284, 44222, 44138, 44133, 44142]"
76,"[44285, 44283, 44270, 44241, 44239, 44265, 44245, 44227, 44213, 44190, 44248, 44259, 44266, 44256, 44247, 44247, 44254, 44333, 44326, 44327, 44316, 44304, 44331, 44306, 44292, 44284, 44222, 44138, 44133, 44142, 44130, 44133, 44144, 44163, 44218, 44197, 44212, 44222, 44183, 44167, 44170, 44172, 44195, 44229, 44248, 44267, 44251, 44232, 44229, 44217, 44241, 44233, 44222, 44237, 44270, 44290, 44287, 44261, 44260, 44269]"
77,"[44130, 44133, 44144, 44163, 44218, 44197, 44212, 44222, 44183, 44167, 44170, 44172, 44195, 44229, 44248, 44267, 44251, 44232, 44229, 44217, 44241, 44233, 44222, 44237, 44270, 44290, 44287, 44261, 44260, 44269, 44203, 44201, 44201, 44212, 44220, 44202, 44214, 44286, 44335, 44303, 44255, 44216, 44183, 44208, 44175, 44199, 44199, 44182, 44205, 44199, 44177, 44181, 44116, 44122, 44096, 44110, 44102, 44108, 44088, 44120]"
78,"[44203, 44201, 44201, 44212, 44220, 44202, 44214, 44286, 44335, 44303, 44255, 44216, 44183, 44208, 44175, 44199, 44199, 44182, 44205, 44199, 44177, 44181, 44116, 44122, 44096, 44110, 44102, 44108, 44088, 44120, 44130, 44098, 44077, 44064, 44035, 44044, 44058, 44055, 44035, 44093, 44088, 44081, 44070, 44061, 44052, 44083, 44073, 44063, 44017, 44024, 44055, 44053, 44040, 44058, 44035, 43967, 43922, 43940, 43950, 43927]"
79,"[44130, 44098, 44077, 44064, 44035, 44044, 44058, 44055, 44035, 44093, 44088, 44081, 44070, 44061, 44052, 44083, 44073, 44063, 44017, 44024, 44055, 44053, 44040, 44058, 44035, 43967, 43922, 43940, 43950, 43927, 43955, 43948, 43848, 43889, 43890, 43918, 43875, 43872, 43860, 43858, 43803, 43770, 43772, 43798, 43800, 43739, 43727, 43780, 43799, 43751, 43726, 43703, 43658, 43712, 43716, 43780, 43795, 43794, 43853, 43880]"
80,"[43955, 43948, 43848, 43889, 43890, 43918, 43875, 43872, 43860, 43858, 43803, 43770, 43772, 43798, 43800, 43739, 43727, 43780, 43799, 43751, 43726, 43703, 43658, 43712, 43716, 43780, 43795, 43794, 43853, 43880, 43946, 43881, 43882, 43865, 43864, 43876, 43880, 43868, 43860, 43830, 43876, 43886, 43895, 43908, 43910, 43907, 43876, 43875, 43864, 43951, 43951, 43936, 43900, 43906, 43897, 43882, 43898, 43898, 43942, 43973]"
81,"[43946, 43881, 43882, 43865, 43864, 43876, 43880, 43868, 43860, 43830, 43876, 43886, 43895, 43908, 43910, 43907, 43876, 43875, 43864, 43951, 43951, 43936, 43900, 43906, 43897, 43882, 43898, 43898, 43942, 43973, 43965, 43984, 43990, 43991, 44010, 43877, 43860, 43789, 43824, 43862, 43905, 43921, 43933, 43933, 43938, 43970, 44090, 44132, 44213, 44229, 44242, 44200, 44155, 44188, 44140, 44124, 44120, 44146, 44180, 44170]"
82,"[43965, 43984, 43990, 43991, 44010, 43877, 43860, 43789, 43824, 43862, 43905, 43921, 43933, 43933, 43938, 43970, 44090, 44132, 44213, 44229, 44242, 44200, 44155, 44188, 44140, 44124, 44120, 44146, 44180, 44170, 44160, 44203, 44205, 44209, 44181, 44159, 44129, 44119, 44171, 44181, 44154, 44136, 44110, 44086, 44105, 44063, 44072, 44054, 43996, 43985, 43944, 43901, 43935, 43927, 43896, 43808, 43830, 43860, 43836, 43839]"
83,"[44160, 44203, 44205, 44209, 44181, 44159, 44129, 44119, 44171, 44181, 44154, 44136, 44110, 44086, 44105, 44063, 44072, 44054, 43996, 43985, 43944, 43901, 43935, 43927, 43896, 43808, 43830, 43860, 43836, 43839, 43773, 43791, 43834, 43841, 43872, 43902, 43942, 43926, 43897, 43898, 43908, 43928, 43932, 43935, 43862, 43852, 43905, 43915, 43969, 43955, 43966, 43950, 43930, 43947, 43905, 43914, 43905, 43875, 43809, 43849]"
84,"[43773, 43791, 43834, 43841, 43872, 43902, 43942, 43926, 43897, 43898, 43908, 43928, 43932, 43935, 43862, 43852, 43905, 43915, 43969, 43955, 43966, 43950, 43930, 43947, 43905, 43914, 43905, 43875, 43809, 43849, 44068, 44000, 43881, 43848, 43921, 44027, 43991, 43982, 43981, 43982, 43967, 43938, 43960, 43990, 43971, 43933, 43961, 44005, 44007, 44012, 44039, 44015, 43965, 43958, 43928, 43908, 43883, 43899, 43893, 43907]"
85,"[44068, 44000, 43881, 43848, 43921, 44027, 43991, 43982, 43981, 43982, 43967, 43938, 43960, 43990, 43971, 43933, 43961, 44005, 44007, 44012, 44039, 44015, 43965, 43958, 43928, 43908, 43883, 43899, 43893, 43907, 43921, 43915, 44015, 44040, 43987, 43968, 44025, 44069, 44080, 44070, 44068, 44066, 44078, 44078, 44078, 44081, 44036, 44092, 44125, 44100, 44102, 44144, 44107, 44115, 44100, 44130, 44158, 44115, 44151, 44111]"
86,"[43921, 43915, 44015, 44040, 43987, 43968, 44025, 44069, 44080, 44070, 44068, 44066, 44078, 44078, 44078, 44081, 44036, 44092, 44125, 44100, 44102, 44144, 44107, 44115, 44100, 44130, 44158, 44115, 44151, 44111, 44104, 44155, 44172, 44208, 44260, 44217, 44287, 44282, 44296, 44247, 44218, 44189, 44218, 44180, 44200, 44189, 44219, 44208, 44204, 44213, 44154, 44150, 44173, 44150, 44160, 44176, 44106, 44123, 44127, 44139]"
87,"[44104, 44155, 44172, 44208, 44260, 44217, 44287, 44282, 44296, 44247, 44218, 44189, 44218, 44180, 44200, 44189, 44219, 44208, 44204, 44213, 44154, 44150, 44173, 44150, 44160, 44176, 44106, 44123, 44127, 44139, 44137, 44087, 44066, 44097, 44093, 44093, 44033, 44056, 44068, 44075, 44066, 44094, 44140, 44219, 44177, 44190, 44188, 44158, 44133, 44116, 44109, 44105, 44021, 44028, 44115, 44134, 44147, 44125, 44105, 44125]"
88,"[44137, 44087, 44066, 44097, 44093, 44093, 44033, 44056, 44068, 44075, 44066, 44094, 44140, 44219, 44177, 44190, 44188, 44158, 44133, 44116, 44109, 44105, 44021, 44028, 44115, 44134, 44147, 44125, 44105, 44125, 44110, 44107, 44119, 44095, 44070, 44077, 44121, 44104, 44083, 44067, 44055, 44083, 44079, 44109, 44206, 44175, 44174, 44181, 44152, 44163, 44145, 44115, 44136, 44100, 44105, 44100, 44094, 44083, 44100, 44103]"
89,"[44110, 44107, 44119, 44095, 44070, 44077, 44121, 44104, 44083, 44067, 44055, 44083, 44079, 44109, 44206, 44175, 44174, 44181, 44152, 44163, 44145, 44115, 44136, 44100, 44105, 44100, 44094, 44083, 44100, 44103, 44070, 44108, 44126, 44146, 44169, 44151, 44182, 44164, 44177, 44164, 44176, 44175, 44170, 44169, 44215, 44271, 44322, 44229, 44121, 44053, 44008, 43954, 43982, 43960, 43993, 44052, 43990, 43925, 43933, 43940]"
90,"[44070, 44108, 44126, 44146, 44169, 44151, 44182, 44164, 44177, 44164, 44176, 44175, 44170, 44169, 44215, 44271, 44322, 44229, 44121, 44053, 44008, 43954, 43982, 43960, 43993, 44052, 43990, 43925, 43933, 43940, 43860, 43850, 43898, 43852, 43854, 43857, 43897, 43901, 43930, 43950, 43959, 43954, 43964, 43916, 43918, 43857, 43880, 43927, 43980, 43980, 44054, 44077, 44043, 44024, 44024, 43965, 43991, 43982, 43996, 44005]"
91,"[43860, 43850, 43898, 43852, 43854, 43857, 43897, 43901, 43930, 43950, 43959, 43954, 43964, 43916, 43918, 43857, 43880, 43927, 43980, 43980, 44054, 44077, 44043, 44024, 44024, 43965, 43991, 43982, 43996, 44005, 43979, 43955, 43958, 43964, 43960, 44026, 43982, 43961, 43902, 43910, 43912, 43923, 43904, 43859, 43840, 43799, 43694, 43651, 43621, 43605, 43642, 43691, 43652, 43563, 43650, 43606, 43672, 43718, 43695, 43706]"
92,"[43979, 43955, 43958, 43964, 43960, 44026, 43982, 43961, 43902, 43910, 43912, 43923, 43904, 43859, 43840, 43799, 43694, 43651, 43621, 43605, 43642, 43691, 43652, 43563, 43650, 43606, 43672, 43718, 43695, 43706, 43762, 43659, 43517, 43566, 43548, 43496, 43499, 43481, 43470, 43487, 43431, 43426, 43397, 43340, 43408, 43462, 43457, 43509, 43505, 43510, 43530, 43500, 43486, 43485, 43512, 43489, 43463, 43464, 43423, 43525]"
93,"[43762, 43659, 43517, 43566, 43548, 43496, 43499, 43481, 43470, 43487, 43431, 43426, 43397, 43340, 43408, 43462, 43457, 43509, 43505, 43510, 43530, 43500, 43486, 43485, 43512, 43489, 43463, 43464, 43423, 43525, 43571, 43602, 43650, 43632, 43636, 43678, 43640, 43606, 43600, 43610, 43646, 43642, 43630, 43618, 43666, 43636, 43704, 43674, 43710, 43723, 43695, 43682, 43678, 43670, 43704, 43730, 43701, 43701, 43769, 43730]"
94,"[43571, 43602, 43650, 43632, 43636, 43678, 43640, 43606, 43600, 43610, 43646, 43642, 43630, 43618, 43666, 43636, 43704, 43674, 43710, 43723, 43695, 43682, 43678, 43670, 43704, 43730, 43701, 43701, 43769, 43730, 43813, 43805, 43831, 43786, 43790, 43756, 43796, 43856, 43903, 43936, 44065, 44326, 44425, 44652, 44800, 44606, 44682, 44653, 44647, 44685, 44676, 44666, 44660, 44656, 44680, 44691, 44629, 44679, 44744, 44819]"
95,"[43813, 43805, 43831, 43786, 43790, 43756, 43796, 43856, 43903, 43936, 44065, 44326, 44425, 44652, 44800, 44606, 44682, 44653, 44647, 44685, 44676, 44666, 44660, 44656, 44680, 44691, 44629, 44679, 44744, 44819, 45337, 45258, 45193, 45131, 45020, 44957, 44911, 44375, 44376, 44280, 44310, 44312, 44226, 44110, 44077, 44160, 44224, 44057, 44056, 44077, 44205, 44243, 44285, 44158, 44152, 44181, 44102, 43881, 44023, 44389]"
96,"[45337, 45258, 45193, 45131, 45020, 44957, 44911, 44375, 44376, 44280, 44310, 44312, 44226, 44110, 44077, 44160, 44224, 44057, 44056, 44077, 44205, 44243, 44285, 44158, 44152, 44181, 44102, 43881, 44023, 44389, 44455, 44340, 44362, 44391, 44180, 44215, 44278, 44356, 44351, 44327, 44279, 44264, 44209, 44192, 44180, 44139, 44137, 44211, 44200, 44242, 44213, 44168, 44173, 44117, 44061, 44130, 44152, 44152, 44130, 44126]"
97,"[44455, 44340, 44362, 44391, 44180, 44215, 44278, 44356, 44351, 44327, 44279, 44264, 44209, 44192, 44180, 44139, 44137, 44211, 44200, 44242, 44213, 44168, 44173, 44117, 44061, 44130, 44152, 44152, 44130, 44126, 44055, 44032, 44178, 44226, 44274, 44270, 44262, 44370, 44363, 44339, 44294, 44312, 44314, 44305, 44368, 44335, 44329, 44324, 44286, 44300, 44469, 44392, 44373, 44300, 44285, 44297, 44330, 44334, 44374, 44323]"
98,"[44055, 44032, 44178, 44226, 44274, 44270, 44262, 44370, 44363, 44339, 44294, 44312, 44314, 44305, 44368, 44335, 44329, 44324, 44286, 44300, 44469, 44392, 44373, 44300, 44285, 44297, 44330, 44334, 44374, 44323, 44354, 44425, 44453, 44423, 44375, 44341, 44307, 44321, 44332, 44328, 44363, 44294, 44310, 44302, 44298, 44323, 44321, 44345, 44304, 44270, 44273, 44278, 44291, 44240, 44247, 44264, 44246, 44265, 44250, 44243]"
99,"[44354, 44425, 44453, 44423, 44375, 44341, 44307, 44321, 44332, 44328, 44363, 44294, 44310, 44302, 44298, 44323, 44321, 44345, 44304, 44270, 44273, 44278, 44291, 44240, 44247, 44264, 44246, 44265, 44250, 44243, 44188, 44257, 44333, 44307, 44293, 44287, 44308, 44318, 44333, 44355, 44369, 44325, 44295, 44306, 44314, 44310, 44310, 44260, 44271, 44267, 44271, 44238, 44243, 44218, 44222, 44143, 44122, 44143, 44123, 44123]"
100,"[44188, 44257, 44333, 44307, 44293, 44287, 44308, 44318, 44333, 44355, 44369, 44325, 44295, 44306, 44314, 44310, 44310, 44260, 44271, 44267, 44271, 44238, 44243, 44218, 44222, 44143, 44122, 44143, 44123, 44123, 44065, 44121, 44113, 44170, 44157, 44125, 44169, 44157, 44152, 44149, 44121, 44143, 44115, 44125, 44122, 44146, 44130, 44088, 43959, 43949, 43897, 43905, 43900, 43740, 43775, 43798, 43806, 43795, 43783, 43750]"
101,"[44065, 44121, 44113, 44170, 44157, 44125, 44169, 44157, 44152, 44149, 44121, 44143, 44115, 44125, 44122, 44146, 44130, 44088, 43959, 43949, 43897, 43905, 43900, 43740, 43775, 43798, 43806, 43795, 43783, 43750, 43839, 43843, 43858, 43861, 43880, 43873, 43888, 43916, 43914, 43895, 43929, 43899, 43875, 43880, 43886, 43877, 43882, 43878, 43845, 43748, 43799, 43832, 43807, 43786, 43780, 43833, 43829, 43813, 43830, 43822]"
102,"[43839, 43843, 43858, 43861, 43880, 43873, 43888, 43916, 43914, 43895, 43929, 43899, 43875, 43880, 43886, 43877, 43882, 43878, 43845, 43748, 43799, 43832, 43807, 43786, 43780, 43833, 43829, 43813, 43830, 43822, 43875, 43868, 43840, 43878, 43883, 43842, 43849, 43817, 43766, 43701, 43646, 43654, 43632, 43643, 43637, 43600, 43619, 43608, 43589, 43594, 43631, 43609, 43655, 43603, 43610, 43624, 43595, 43614, 43601, 43600]"
103,"[43875, 43868, 43840, 43878, 43883, 43842, 43849, 43817, 43766, 43701, 43646, 43654, 43632, 43643, 43637, 43600, 43619, 43608, 43589, 43594, 43631, 43609, 43655, 43603, 43610, 43624, 43595, 43614, 43601, 43600, 43620, 43678, 43668, 43683, 43671, 43686, 43737, 43719, 43743, 43675, 43670, 43662, 43690, 43695, 43657, 43666, 43637, 43622, 43606, 43631, 43636, 43550, 43554, 43555, 43523, 43478, 43493, 43487, 43486, 43523]"
104,"[43620, 43678, 43668, 43683, 43671, 43686, 43737, 43719, 43743, 43675, 43670, 43662, 43690, 43695, 43657, 43666, 43637, 43622, 43606, 43631, 43636, 43550, 43554, 43555, 43523, 43478, 43493, 43487, 43486, 43523, 43478, 43502, 43448, 43501, 43499, 43614, 43609, 43632, 43662, 43710, 43704, 43737, 43741, 43739, 43721, 43749, 43716, 43722, 43715, 43738, 43770, 43748, 43720, 43742, 43721, 43750, 43737, 43718, 43710, 43704]"
105,"[43478, 43502, 43448, 43501, 43499, 43614, 43609, 43632, 43662, 43710, 43704, 43737, 43741, 43739, 43721, 43749, 43716, 43722, 43715, 43738, 43770, 43748, 43720, 43742, 43721, 43750, 43737, 43718, 43710, 43704, 43686, 43745, 43765, 43795, 43764, 43733, 43730, 43772, 43738, 43740, 43740, 43721, 43706, 43735, 43708, 43709, 43720, 43720, 43720, 43746, 43683, 43728, 43740, 43726, 43726, 43730, 43743, 43742, 43732, 43749]"
106,"[43686, 43745, 43765, 43795, 43764, 43733, 43730, 43772, 43738, 43740, 43740, 43721, 43706, 43735, 43708, 43709, 43720, 43720, 43720, 43746, 43683, 43728, 43740, 43726, 43726, 43730, 43743, 43742, 43732, 43749, 43766, 43770, 43799, 43809, 43823, 43818, 43799, 43809, 43799, 43764, 43749, 43767, 43770, 43780, 43798, 43799, 43753, 43761, 43804, 43840, 43837, 43839, 43820, 43801, 43820, 43822, 43811, 43779, 43785, 43803]"
107,"[43766, 43770, 43799, 43809, 43823, 43818, 43799, 43809, 43799, 43764, 43749, 43767, 43770, 43780, 43798, 43799, 43753, 43761, 43804, 43840, 43837, 43839, 43820, 43801, 43820, 43822, 43811, 43779, 43785, 43803, 43781, 43782, 43773, 43765, 43766, 43766, 43757, 43758, 43755, 43773, 43770, 43779, 43761, 43759, 43757, 43754, 43804, 43819, 43822, 43852, 43836, 43831, 43829, 43824, 43829, 43820, 43823, 43802, 43803, 43786]"
108,"[43781, 43782, 43773, 43765, 43766, 43766, 43757, 43758, 43755, 43773, 43770, 43779, 43761, 43759, 43757, 43754, 43804, 43819, 43822, 43852, 43836, 43831, 43829, 43824, 43829, 43820, 43823, 43802, 43803, 43786, 43792, 43792, 43770, 43782, 43797, 43808, 43804, 43820, 43795, 43796, 43806, 43802, 43815, 43822, 43818, 43828, 43851, 43828, 43810, 43828, 43867, 43902, 43893, 43893, 43903, 43903, 43899, 43906, 43921, 44068]"
109,"[43792, 43792, 43770, 43782, 43797, 43808, 43804, 43820, 43795, 43796, 43806, 43802, 43815, 43822, 43818, 43828, 43851, 43828, 43810, 43828, 43867, 43902, 43893, 43893, 43903, 43903, 43899, 43906, 43921, 44068, 44130, 44108, 44127, 44146, 44148, 44239, 44167, 44114, 44100, 43998, 44025, 44021, 44030, 43973, 43999, 43950, 43959, 43917, 43925, 43981, 44045, 44032, 44076, 44041, 44068, 44047, 44052, 44056, 44054, 44052]"
110,"[44130, 44108, 44127, 44146, 44148, 44239, 44167, 44114, 44100, 43998, 44025, 44021, 44030, 43973, 43999, 43950, 43959, 43917, 43925, 43981, 44045, 44032, 44076, 44041, 44068, 44047, 44052, 44056, 44054, 44052, 44045, 44000, 44009, 44092, 44134, 44135, 44126, 44142, 44138, 44133, 44132, 44092, 44079, 44099, 44148, 44139, 44213, 44135, 44151, 44092, 44095, 44078, 44082, 44113, 44116, 44072, 44082, 44065, 44066, 44067]"
111,"[44045, 44000, 44009, 44092, 44134, 44135, 44126, 44142, 44138, 44133, 44132, 44092, 44079, 44099, 44148, 44139, 44213, 44135, 44151, 44092, 44095, 44078, 44082, 44113, 44116, 44072, 44082, 44065, 44066, 44067, 44069, 44084, 44095, 44072, 44096, 44142, 44107, 44151, 44142, 44127, 44088, 44060, 44057, 44073, 44075, 44092, 44115, 44140, 44163, 44091, 44066, 44086, 44087, 44122, 44112, 44090, 44111, 44114, 44114, 43990]"
112,"[44069, 44084, 44095, 44072, 44096, 44142, 44107, 44151, 44142, 44127, 44088, 44060, 44057, 44073, 44075, 44092, 44115, 44140, 44163, 44091, 44066, 44086, 44087, 44122, 44112, 44090, 44111, 44114, 44114, 43990, 43976, 43920, 43962, 43968, 44006, 43958, 43956, 43966, 43972, 43965, 43984, 43950, 43937, 43919, 43938, 43950, 43932, 43925, 43875, 43891, 43864, 43868, 43932, 43927, 43925, 43895, 43887, 43902, 43918, 43892]"
113,"[43976, 43920, 43962, 43968, 44006, 43958, 43956, 43966, 43972, 43965, 43984, 43950, 43937, 43919, 43938, 43950, 43932, 43925, 43875, 43891, 43864, 43868, 43932, 43927, 43925, 43895, 43887, 43902, 43918, 43892, 43833, 43943, 43909, 43850, 43785, 43794, 43803, 43785, 43725, 43759, 43735, 43699, 43724, 43714, 43701, 43752, 43770, 43819, 43821, 43801, 43819, 43845, 43842, 43834, 43835, 43803, 43869, 43858, 43873, 43877]"
114,"[43833, 43943, 43909, 43850, 43785, 43794, 43803, 43785, 43725, 43759, 43735, 43699, 43724, 43714, 43701, 43752, 43770, 43819, 43821, 43801, 43819, 43845, 43842, 43834, 43835, 43803, 43869, 43858, 43873, 43877, 43911, 43945, 43911, 43991, 43955, 43949, 43936, 43925, 43925, 43919, 43940, 43937, 43917, 43930, 43949, 43984, 43984, 43960, 43979, 43978, 43999, 43971, 43957, 43975, 43989, 44060, 44002, 43979, 43983, 43978]"
115,"[43911, 43945, 43911, 43991, 43955, 43949, 43936, 43925, 43925, 43919, 43940, 43937, 43917, 43930, 43949, 43984, 43984, 43960, 43979, 43978, 43999, 43971, 43957, 43975, 43989, 44060, 44002, 43979, 43983, 43978, 43981, 43949, 43964, 43977, 43986, 43983, 43986, 43973, 43972, 43938, 43850, 43849, 43786, 43773, 43767, 43816, 43759, 43803, 43817, 43790, 43825, 43849, 43804, 43843, 43876, 43887, 43885, 43885, 43878, 43880]"
116,"[43981, 43949, 43964, 43977, 43986, 43983, 43986, 43973, 43972, 43938, 43850, 43849, 43786, 43773, 43767, 43816, 43759, 43803, 43817, 43790, 43825, 43849, 43804, 43843, 43876, 43887, 43885, 43885, 43878, 43880, 43920, 43964, 43978, 44016, 43991, 43984, 43955, 43940, 43878, 43770, 43816, 43815, 43807, 43795, 43788, 43799, 43754, 43705, 43764, 43758, 43776, 43761, 43739, 43753, 43775, 43775, 43796, 43837, 43827, 43825]"
117,"[43920, 43964, 43978, 44016, 43991, 43984, 43955, 43940, 43878, 43770, 43816, 43815, 43807, 43795, 43788, 43799, 43754, 43705, 43764, 43758, 43776, 43761, 43739, 43753, 43775, 43775, 43796, 43837, 43827, 43825, 43794, 43819, 43829, 43818, 43793, 43798, 43776, 43714, 43699, 43670, 43681, 43696, 43686, 43715, 43729, 43742, 43735, 43717, 43719, 43735, 43766, 43764, 43758, 43784, 43766, 43792, 43790, 43774, 43746, 43756]"
118,"[43794, 43819, 43829, 43818, 43793, 43798, 43776, 43714, 43699, 43670, 43681, 43696, 43686, 43715, 43729, 43742, 43735, 43717, 43719, 43735, 43766, 43764, 43758, 43784, 43766, 43792, 43790, 43774, 43746, 43756, 43731, 43701, 43647, 43599, 43645, 43661, 43631, 43696, 43733, 43746, 43777, 43794, 43789, 43775, 43786, 43742, 43741, 43735, 43784, 43781, 43726, 43734, 43736, 43756, 43726, 43731, 43805, 43813, 43808, 43790]"
119,"[43731, 43701, 43647, 43599, 43645, 43661, 43631, 43696, 43733, 43746, 43777, 43794, 43789, 43775, 43786, 43742, 43741, 43735, 43784, 43781, 43726, 43734, 43736, 43756, 43726, 43731, 43805, 43813, 43808, 43790, 43803, 43774, 43789, 43843, 43792, 43738, 43737, 43741, 43741, 43721, 43705, 43701, 43697, 43718, 43716, 43724, 43719, 43701, 43736, 43725, 43734, 43749, 43768, 43764, 43766, 43770, 43755, 43742, 43738, 43724]"
120,"[43803, 43774, 43789, 43843, 43792, 43738, 43737, 43741, 43741, 43721, 43705, 43701, 43697, 43718, 43716, 43724, 43719, 43701, 43736, 43725, 43734, 43749, 43768, 43764, 43766, 43770, 43755, 43742, 43738, 43724, 43730, 43715, 43732, 43744, 43767, 43806, 43777, 43653, 43499, 43494, 43463, 43444, 43509, 43497, 43474, 43460, 43241, 43288, 43317, 43300, 43279, 43249, 43259, 43322, 43350, 43369, 43339, 43303, 43332, 43305]"
121,"[43730, 43715, 43732, 43744, 43767, 43806, 43777, 43653, 43499, 43494, 43463, 43444, 43509, 43497, 43474, 43460, 43241, 43288, 43317, 43300, 43279, 43249, 43259, 43322, 43350, 43369, 43339, 43303, 43332, 43305, 43333, 43315, 43350, 43377, 43435, 43451, 43412, 43415, 43408, 43445, 43441, 43409, 43383, 43364, 43356, 43384, 43372, 43376, 43392, 43417, 43427, 43412, 43431, 43434, 43437, 43453, 43436, 43452, 43440, 43405]"
122,"[43333, 43315, 43350, 43377, 43435, 43451, 43412, 43415, 43408, 43445, 43441, 43409, 43383, 43364, 43356, 43384, 43372, 43376, 43392, 43417, 43427, 43412, 43431, 43434, 43437, 43453, 43436, 43452, 43440, 43405, 43400, 43415, 43428, 43418, 43406, 43387, 43381, 43390, 43384, 43363, 43338, 43315, 43340, 43329, 43338, 43297, 43276, 43254, 43288, 43280, 43280, 43320, 43316, 43309, 43339, 43366, 43390, 43388, 43426, 43435]"
123,"[43400, 43415, 43428, 43418, 43406, 43387, 43381, 43390, 43384, 43363, 43338, 43315, 43340, 43329, 43338, 43297, 43276, 43254, 43288, 43280, 43280, 43320, 43316, 43309, 43339, 43366, 43390, 43388, 43426, 43435, 43459, 43449, 43421, 43428, 43449, 43419, 43427, 43446, 43449, 43477, 43496, 43458, 43446, 43454, 43468, 43445, 43458, 43437, 43460, 43425, 43437, 43460, 43463, 43463, 43473, 43443, 43413, 43407, 43383, 43407]"
124,"[43459, 43449, 43421, 43428, 43449, 43419, 43427, 43446, 43449, 43477, 43496, 43458, 43446, 43454, 43468, 43445, 43458, 43437, 43460, 43425, 43437, 43460, 43463, 43463, 43473, 43443, 43413, 43407, 43383, 43407, 43377, 43340, 43345, 43355, 43340, 43361, 43369, 43365, 43374, 43365, 43378, 43354, 43331, 43320, 43315, 43323, 43321, 43339, 43327, 43332, 43327, 43372, 43373, 43400, 43400, 43385, 43386, 43387, 43376, 43316]"
125,"[43377, 43340, 43345, 43355, 43340, 43361, 43369, 43365, 43374, 43365, 43378, 43354, 43331, 43320, 43315, 43323, 43321, 43339, 43327, 43332, 43327, 43372, 43373, 43400, 43400, 43385, 43386, 43387, 43376, 43316, 43341, 43302, 43296, 43294, 43319, 43289, 43273, 43225, 43223, 43174, 43114, 43112, 43130, 43037, 42971, 42993, 43043, 43064, 43099, 43077, 43090, 43131, 43137, 43130, 43106, 43134, 43153, 43115, 43125, 43157]"
126,"[43341, 43302, 43296, 43294, 43319, 43289, 43273, 43225, 43223, 43174, 43114, 43112, 43130, 43037, 42971, 42993, 43043, 43064, 43099, 43077, 43090, 43131, 43137, 43130, 43106, 43134, 43153, 43115, 43125, 43157, 43191, 43186, 43243, 43297, 43309, 43357, 43330, 43332, 43348, 43363, 43358, 43362, 43388, 43381, 43394, 43409, 43439, 43428, 43431, 43400, 43376, 43349, 43378, 43396, 43409, 43401, 43403, 43413, 43446, 43433]"
127,"[43191, 43186, 43243, 43297, 43309, 43357, 43330, 43332, 43348, 43363, 43358, 43362, 43388, 43381, 43394, 43409, 43439, 43428, 43431, 43400, 43376, 43349, 43378, 43396, 43409, 43401, 43403, 43413, 43446, 43433, 43426, 43451, 43428, 43444, 43462, 43462, 43444, 43465, 43498, 43571, 43568, 43537, 43542, 43524, 43499, 43473, 43462, 43442, 43386, 43400, 43422, 43415, 43463, 43445, 43432, 43441, 43464, 43488, 43571, 43540]"
128,"[43426, 43451, 43428, 43444, 43462, 43462, 43444, 43465, 43498, 43571, 43568, 43537, 43542, 43524, 43499, 43473, 43462, 43442, 43386, 43400, 43422, 43415, 43463, 43445, 43432, 43441, 43464, 43488, 43571, 43540, 43563, 43540, 43553, 43532, 43513, 43505, 43485, 43483, 43474, 43482, 43443, 43452, 43417, 43446, 43445, 43434, 43418, 43429, 43433, 43490, 43451, 43467, 43459, 43428, 43452, 43413, 43349, 43379, 43394, 43477]"
129,"[43563, 43540, 43553, 43532, 43513, 43505, 43485, 43483, 43474, 43482, 43443, 43452, 43417, 43446, 43445, 43434, 43418, 43429, 43433, 43490, 43451, 43467, 43459, 43428, 43452, 43413, 43349, 43379, 43394, 43477, 43506, 43511, 43521, 43487, 43479, 43429, 43460, 43500, 43504, 43550, 43530, 43496, 43532, 43569, 43593, 43600, 43547, 43561, 43547, 43545, 43506, 43516, 43507, 43512, 43501, 43487, 43488, 43491, 43463, 43443]"
130,"[43506, 43511, 43521, 43487, 43479, 43429, 43460, 43500, 43504, 43550, 43530, 43496, 43532, 43569, 43593, 43600, 43547, 43561, 43547, 43545, 43506, 43516, 43507, 43512, 43501, 43487, 43488, 43491, 43463, 43443, 43439, 43457, 43446, 43446, 43370, 43299, 43395, 43378, 43360, 43391, 43382, 43368, 43397, 43427, 43434, 43414, 43407, 43405, 43421, 43399, 43376, 43381, 43397, 43394, 43412, 43405, 43394, 43390, 43436, 43456]"
131,"[43439, 43457, 43446, 43446, 43370, 43299, 43395, 43378, 43360, 43391, 43382, 43368, 43397, 43427, 43434, 43414, 43407, 43405, 43421, 43399, 43376, 43381, 43397, 43394, 43412, 43405, 43394, 43390, 43436, 43456, 43424, 43432, 43413, 43410, 43410, 43393, 43393, 43361, 43373, 43310, 43299, 43314, 43300, 43326, 43329, 43311, 43321, 43309, 43305, 43300, 43261, 43250, 43275, 43282, 43292, 43311, 43351, 43342, 43325, 43265]"
132,"[43424, 43432, 43413, 43410, 43410, 43393, 43393, 43361, 43373, 43310, 43299, 43314, 43300, 43326, 43329, 43311, 43321, 43309, 43305, 43300, 43261, 43250, 43275, 43282, 43292, 43311, 43351, 43342, 43325, 43265, 43211, 43175, 43187, 43270, 43331, 43276, 43267, 43185, 43202, 43246, 43216, 43224, 43237, 43273, 43254, 43273, 43306, 43274, 43279, 43230, 43182, 43228, 43197, 43203, 43170, 43171, 43135, 43170, 43142, 43151]"
133,"[43211, 43175, 43187, 43270, 43331, 43276, 43267, 43185, 43202, 43246, 43216, 43224, 43237, 43273, 43254, 43273, 43306, 43274, 43279, 43230, 43182, 43228, 43197, 43203, 43170, 43171, 43135, 43170, 43142, 43151, 43189, 43213, 43188, 43192, 43129, 43151, 43158, 43145, 43156, 43162, 43148, 43183, 43173, 43176, 43177, 43212, 43253, 43251, 43247, 43238, 43232, 43240, 43262, 43281, 43229, 43190, 43204, 43184, 43193, 43193]"
134,"[43189, 43213, 43188, 43192, 43129, 43151, 43158, 43145, 43156, 43162, 43148, 43183, 43173, 43176, 43177, 43212, 43253, 43251, 43247, 43238, 43232, 43240, 43262, 43281, 43229, 43190, 43204, 43184, 43193, 43193, 43199, 43230, 43265, 43273, 43271, 43180, 43117, 43145, 43110, 43124, 43163, 43184, 43194, 43223, 43214, 43274, 43466, 43420, 43367, 43359, 43377, 43342, 43363, 43370, 43381, 43356, 43372, 43335, 43342, 43385]"
135,"[43199, 43230, 43265, 43273, 43271, 43180, 43117, 43145, 43110, 43124, 43163, 43184, 43194, 43223, 43214, 43274, 43466, 43420, 43367, 43359, 43377, 43342, 43363, 43370, 43381, 43356, 43372, 43335, 43342, 43385, 43335, 43341, 43338, 43343, 43347, 43313, 43315, 43319, 43469, 43408, 43430, 43394, 43383, 43391, 43389, 43403, 43440, 43508, 43460, 43463, 43451, 43484, 43484, 43502, 43493, 43499, 43534, 43549, 43500, 43551]"
136,"[43335, 43341, 43338, 43343, 43347, 43313, 43315, 43319, 43469, 43408, 43430, 43394, 43383, 43391, 43389, 43403, 43440, 43508, 43460, 43463, 43451, 43484, 43484, 43502, 43493, 43499, 43534, 43549, 43500, 43551, 43559, 43544, 43490, 43509, 43483, 43495, 43465, 43479, 43469, 43466, 43473, 43478, 43457, 43459, 43464, 43421, 43427, 43423, 43432, 43434, 43443, 43442, 43440, 43426, 43426, 43378, 43374, 43396, 43375, 43382]"
137,"[43559, 43544, 43490, 43509, 43483, 43495, 43465, 43479, 43469, 43466, 43473, 43478, 43457, 43459, 43464, 43421, 43427, 43423, 43432, 43434, 43443, 43442, 43440, 43426, 43426, 43378, 43374, 43396, 43375, 43382, 43354, 43405, 43417, 43425, 43426, 43471, 43435, 43356, 43343, 43378, 43399, 43408, 43428, 43410, 43411, 43446, 43519, 43550, 43525, 43512, 43503, 43491, 43532, 43532, 43547, 43550, 43632, 43730, 43714, 43719]"
138,"[43354, 43405, 43417, 43425, 43426, 43471, 43435, 43356, 43343, 43378, 43399, 43408, 43428, 43410, 43411, 43446, 43519, 43550, 43525, 43512, 43503, 43491, 43532, 43532, 43547, 43550, 43632, 43730, 43714, 43719, 43670, 43633, 43639, 43631, 43625, 43648, 43669, 43600, 43596, 43573, 43578, 43581, 43549, 43549, 43542, 43554, 43520, 43506, 43477, 43464, 43462, 43499, 43489, 43482, 43498, 43517, 43521, 43530, 43574, 43558]"
139,"[43670, 43633, 43639, 43631, 43625, 43648, 43669, 43600, 43596, 43573, 43578, 43581, 43549, 43549, 43542, 43554, 43520, 43506, 43477, 43464, 43462, 43499, 43489, 43482, 43498, 43517, 43521, 43530, 43574, 43558, 43579, 43573, 43544, 43519, 43533, 43551, 43570, 43600, 43650, 43689, 43669, 43635, 43648, 43643, 43643, 43611, 43629, 43614, 43618, 43610, 43601, 43605, 43672, 43702, 43704, 43652, 43711, 43729, 43713, 43697]"
140,"[43579, 43573, 43544, 43519, 43533, 43551, 43570, 43600, 43650, 43689, 43669, 43635, 43648, 43643, 43643, 43611, 43629, 43614, 43618, 43610, 43601, 43605, 43672, 43702, 43704, 43652, 43711, 43729, 43713, 43697, 43672, 43681, 43667, 43662, 43667, 43689, 43730, 43735, 43738, 43775, 43727, 43743, 43779, 43837, 43802, 43778, 43750, 43728, 43745, 43759, 43753, 43746, 43784, 43828, 43783, 43847, 43900, 43915, 44008, 43987]"
141,"[43672, 43681, 43667, 43662, 43667, 43689, 43730, 43735, 43738, 43775, 43727, 43743, 43779, 43837, 43802, 43778, 43750, 43728, 43745, 43759, 43753, 43746, 43784, 43828, 43783, 43847, 43900, 43915, 44008, 43987, 44038, 44033, 44023, 44039, 44058, 44062, 44009, 44023, 44002, 43990, 43920, 43871, 43930, 43939, 43907, 43930, 43927, 43900, 43881, 43887, 43833, 43820, 43800, 43806, 43821, 43781, 43786, 43799, 43818, 43814]"
142,"[44038, 44033, 44023, 44039, 44058, 44062, 44009, 44023, 44002, 43990, 43920, 43871, 43930, 43939, 43907, 43930, 43927, 43900, 43881, 43887, 43833, 43820, 43800, 43806, 43821, 43781, 43786, 43799, 43818, 43814, 43876, 43764, 43793, 43750, 43727, 43727, 43713, 43680, 43693, 43694, 43718, 43688, 43719, 43686, 43591, 43620, 43678, 43640, 43504, 43410, 43386, 43453, 43426, 43404, 43401, 43467, 43446, 43423, 43408, 43425]"
